"Query","Signal","SignalType","Start","End","ConfNuc","ConfFam","AnnotationType","Origin","Added","Modified"
"A2AR02","DRRRRRR","NLS","618","624","5","3","Potential","In Silico Mutagenesis","2017-10-11","2017-10-11"
"A2AR02","KKRGKS","NLS","452","457","2","2","Potential","In Silico Mutagenesis","2017-10-11","2017-10-11"
"A2AR02","KKRKKS","NLS","244","249","5","4","Potential","In Silico Mutagenesis","2017-10-11","2017-10-11"
"A2AR02","KRGKSK","NLS","453","458","2","2","Potential","In Silico Mutagenesis","2017-10-11","2017-10-11"
"A2AR02","KRKKKH","NLS","227","232","6","5","Potential","In Silico Mutagenesis","2017-10-11","2017-10-11"
"B2RY56","EKDKKR","NLS","421","426","5","4","Potential","In Silico Mutagenesis","2017-10-11","2017-10-11"
"B2RY56","KRKKLP","NLS","680","685","3","2","Potential","In Silico Mutagenesis","2017-10-11","2017-10-11"
"D3Z2R5","RAEKKL","NLS","407","412","2","2","Potential","In Silico Mutagenesis","2017-10-11","2017-10-11"
"E9Q6E5","RSPSPRR","NLS","395","401","7","7","Potential","In Silico Mutagenesis","2017-10-11","2017-10-11"
"E9QAS5","KKSKSKR","NLS","126","132","2","2","Potential","In Silico Mutagenesis","2017-10-11","2017-10-11"
"E9QAS5","LKKKKKP","NLS","51","57","2","2","Potential","In Silico Mutagenesis","2017-10-11","2017-10-11"
"E9QAS5","RKAKTK","NLS","258","263","6","3","Potential","In Silico Mutagenesis","2017-10-11","2017-10-11"
"E9QAS5","RKNKD","NLS","598","602","5","2","Potential","In Silico Mutagenesis","2017-10-11","2017-10-11"
"E9QAS5","SKRKRS","NLS","303","308","6","6","Potential","In Silico Mutagenesis","2017-10-11","2017-10-11"
"G5E8Q0","PKKRKT","NLS","882","887","3","2","Potential","In Silico Mutagenesis","2017-10-11","2017-10-11"
"O08583","RRGTRG","NLS","214","219","3","2","Potential","In Silico Mutagenesis","2017-10-11","2017-10-11"
"P14733","GKRKRV","NLS","415","420","2","1","By Expert","Q9NZC7, Q5F389, Q5R9W5","2017-10-11","2017-10-11"
"P14733","KRKRVD","NLS","416","421","4","4","By Expert","P70615, P14733, P20700","2017-10-11","2017-10-11"
"P14733","RGKRKR","NLS","414","419","4","4","Potential","In Silico Mutagenesis","2017-10-11","2017-10-11"
"P15864","PKKAKV","NLS","174","179","3","3","Potential","In Silico Mutagenesis","2017-10-11","2017-10-11"
"P26369","RDRKRR","NLS","35","40","2","2","Potential","In Silico Mutagenesis","2017-10-11","2017-10-11"
"P43274","KSTKKT","NLS","149","154","2","2","Potential","In Silico Mutagenesis","2017-10-11","2017-10-11"
"P47911","PKKAKP","NLS","44","49","2","2","Potential","In Silico Mutagenesis","2017-10-11","2017-10-11"
"P47911","RVVKLR","NLS","113","118","2","2","Potential","In Silico Mutagenesis","2017-10-11","2017-10-11"
"P62751","KKKKIR","NLS","36","41","9","7","Potential","In Silico Mutagenesis","2017-10-11","2017-10-11"
"P62996","RRRSPSP","NLS","261","267","10","6","Potential","In Silico Mutagenesis","2017-10-11","2017-10-11"
"P70399","KRGRKS","NLS","1678","1683","3","2","Potential","In Silico Mutagenesis","2017-10-11","2017-10-11"
"P70399","PAKRGR","NLS","1676","1681","5","4","Potential","In Silico Mutagenesis","2017-10-11","2017-10-11"
"P70399","RRGRPP","NLS","1397","1402","13","10","Potential","In Silico Mutagenesis","2017-10-11","2017-10-11"
"Q3UL36","KRSKSR","NLS","39","44","2","2","Potential","In Silico Mutagenesis","2017-10-11","2017-10-11"
"Q3UL36","RKRSKS","NLS","38","43","4","3","Potential","In Silico Mutagenesis","2017-10-11","2017-10-11"
"Q3V1U8","KKKMDK","NLS","217","222","2","2","Potential","In Silico Mutagenesis","2017-10-11","2017-10-11"
"Q569Z5","RKRSAS","NLS","9","14","3","3","Potential","In Silico Mutagenesis","2017-10-11","2017-10-11"
"Q64012","VKRPR","NLS","145","149","12","11","Potential","In Silico Mutagenesis","2017-10-11","2017-10-11"
"Q6P5D8","KKRPRR","NLS","1704","1709","3","3","Potential","In Silico Mutagenesis","2017-10-11","2017-10-11"
"Q7TSC1","PKRRRQ","NLS","1096","1101","3","3","Potential","In Silico Mutagenesis","2017-10-11","2017-10-11"
"Q7TSC1","QRRKQS","NLS","449","454","3","2","Potential","In Silico Mutagenesis","2017-10-11","2017-10-11"
"Q8BJD1","WKQRK","NLS","890","894","2","2","Potential","In Silico Mutagenesis","2017-10-11","2017-10-11"
"Q8BTF8","PLKRPR","NLS","155","160","4","3","Potential","In Silico Mutagenesis","2017-10-11","2017-10-11"
"Q8K007","EKKRQR","NLS","728","733","2","2","Potential","In Silico Mutagenesis","2017-10-11","2017-10-11"
"Q8K007","KKRKPE","NLS","667","672","3","3","Potential","In Silico Mutagenesis","2017-10-11","2017-10-11"
"Q8K007","KRHDE","NLS","574","578","2","2","Potential","In Silico Mutagenesis","2017-10-11","2017-10-11"
"Q8K007","KRKPEE","NLS","668","673","2","2","Potential","In Silico Mutagenesis","2017-10-11","2017-10-11"
"Q8K007","LKKRKP","NLS","666","671","2","2","Potential","In Silico Mutagenesis","2017-10-11","2017-10-11"
"Q8K007","RKEKKR","NLS","726","731","4","4","Potential","In Silico Mutagenesis","2017-10-11","2017-10-11"
"Q8VH51","KKRKKS","NLS","33","38","5","4","Potential","In Silico Mutagenesis","2017-10-11","2017-10-11"
"Q8VH51","RKRSKS","NLS","47","52","4","3","Potential","In Silico Mutagenesis","2017-10-11","2017-10-11"
"Q99JF8","GRKRKA","NLS","148","153","6","5","Potential","In Silico Mutagenesis","2017-10-11","2017-10-11"
"Q99JF8","KGPNKK","NLS","460","465","2","2","Potential","In Silico Mutagenesis","2017-10-11","2017-10-11"
"Q99JF8","KPRGRP","NLS","191","196","4","4","Potential","In Silico Mutagenesis","2017-10-11","2017-10-11"
"Q99JF8","KRGRPA","NLS","178","183","3","3","Potential","In Silico Mutagenesis","2017-10-11","2017-10-11"
"Q99JF8","KRKAEK","NLS","150","155","4","4","Potential","In Silico Mutagenesis","2017-10-11","2017-10-11"
"Q99JF8","PKPRGR","NLS","190","195","3","2","Potential","In Silico Mutagenesis","2017-10-11","2017-10-11"
"Q99JF8","PKRGRP","NLS","177","182","4","4","Potential","In Silico Mutagenesis","2017-10-11","2017-10-11"
"Q99JF8","PRGRPK","NLS","192","197","4","3","Potential","In Silico Mutagenesis","2017-10-11","2017-10-11"
"Q99JF8","RRGRKRKAEKQ","NLS","146","156","1","1","Experimental","Q812D1, Q5XXA9, Q99JF8, Q8MJG1, Q66T72, O75475","2017-10-11","2017-10-11"
"Q99M28","KERKRR","NLS","149","154","2","2","Potential","In Silico Mutagenesis","2017-10-11","2017-10-11"
"Q99M28","RRSPPR","NLS","264","269","5","5","Potential","In Silico Mutagenesis","2017-10-11","2017-10-11"
"Q99PL5","LPGLSI","NES","1271","1276","3","3","Potential","In Silico Mutagenesis","2017-10-11","2017-10-11"
"Q9Z277","EKQKRK","NLS","795","800","4","4","Potential","In Silico Mutagenesis","2017-10-11","2017-10-11"
"Q9Z277","KQKKRK","NLS","1116","1121","2","2","Potential","In Silico Mutagenesis","2017-10-11","2017-10-11"
"Q9Z277","RRKRRK","NLS","1447","1452","5","4","Potential","In Silico Mutagenesis","2017-10-11","2017-10-11"